{
  "attr-bans": [
    "align",
    "background",
    "bgcolor",
    "border",
    "frameborder",
    "longdesc",
    "marginwidth",
    "marginheight",
    "scrolling",
    "style",
    "width",
    "height",
    "font"
  ],
  "attr-name-ignore-regex": false,
  "attr-name-style": "dash",
  "attr-new-line": false,
  "attr-no-dup": true,
  "attr-no-unsafe-char": true,
  "attr-order": false,
  "attr-quote-style": "double",
  "attr-req-value": true,
  "attr-validate": true,
  "class-no-dup": true,
  "class-style": false,
  "doctype-first": "smart",
  "doctype-html5": true,
  "fig-req-figcaption": false,
  "focusable-tabindex-style": false,
  "head-req-title": true,
  "head-valid-content-model": true,
  "href-style": "relative",
  "html-req-lang": true,
  "html-valid-content-model": true,
  "id-class-ignore-regex": false,
  "id-class-no-ad": false,
  "id-class-style": false,
  "id-no-dup": true,
  "img-req-alt": "allownull",
  "img-req-src": true,
  "indent-style": false,
  "indent-width": false,
  "indent-width-cont": false,
  "input-radio-req-name": true,
  "input-req-label": false,
  "label-req-for": true,
  "lang-style": "case",
  "line-end-style": false,
  "line-max-len": 120,
  "line-max-len-ignore-regex": false,
  "maxerr": false,
  "raw-ignore-regex": false,
  "spec-char-escape": true,
  "table-req-caption": false,
  "table-req-header": true,
  "tag-bans": ["style", "b", "i"],
  "tag-close": false,
  "tag-name-lowercase": true,
  "tag-name-match": false,
  "tag-self-close": "never",
  "text-ignore-regex": false,
  "title-max-len": 60,
  "title-no-dup": true
}
