{
  "files": {
    "ignore": [
      "../public/src/stylesheets/vendor/*.**",
      "../public/src/stylesheets/base/_reset.scss",
      "../public/src/stylesheets/shame/_shame.scss"
    ]
  },
  "options": { "formatter": "stylish", "merge-default-rules": false },
  "rules": {
    "bem-depth": [2, { "max-depth": 1 }],
    "border-zero": [1, { "convention": "none" }],
    "brace-style": [1, { "allow-single-line": true }],
    "class-name-format": [0, { "convention": "hyphenatedbem" }],
    "clean-import-paths": [
      1,
      { "filename-extension": false, "leading-underscore": false }
    ],
    "empty-line-between-blocks": [0, { "ignore-single-line-rulesets": true }],
    "extends-before-declarations": 1,
    "extends-before-mixins": 1,
    "final-newline": [0, { "include": true }],
    "force-attribute-nesting": 1,
    "force-element-nesting": 0,
    "force-pseudo-nesting": 0,
    "function-name-format": [
      1,
      {
        "allow-leading-underscore": true,
        "convention": "hyphenatedlowercase"
      }
    ],
    "hex-length": [1, { "style": "long" }],
    "hex-notation": [1, { "style": "lowercase" }],
    "id-name-format": [0, { "convention": "hyphenatedbem" }],
    "indentation": [0, { "size": 0 }],
    "leading-zero": [0, { "include": false }],
    "mixin-name-format": [
      1,
      {
        "allow-leading-underscore": true,
        "convention": "^([\\.\\%]?[a-z]*[-]?[a-z0-9\\-]*)(\\.[a-z0-9\\-]*)?(__[a-z0-9]*[-]?[a-z0-9\\-]*)?(--[a-z0-9]*[-]?[a-z0-9\\-]*)?(\\:[a-z]*)*$",
        "convention-explanation": "BEM pattern"
      }
    ],
    "mixins-before-declarations": 0,
    "nesting-depth": [0, { "max-depth": 2 }],
    "no-color-keywords": 0,
    "no-color-literals": 0,
    "no-css-comments": 0,
    "no-debug": 1,
    "no-duplicate-properties": 1,
    "no-empty-rulesets": 1,
    "no-extends": 0,
    "no-ids": 2,
    "no-important": 1,
    "no-invalid-hex": 1,
    "no-mergeable-selectors": 1,
    "no-misspelled-properties": [1, { "extra-properties": [] }],
    "no-qualifying-elements": [
      0,
      {
        "allow-element-with-attribute": false,
        "allow-element-with-class": false,
        "allow-element-with-id": false
      }
    ],
    "no-trailing-zero": 1,
    "no-url-protocols": 0,
    "no-vendor-prefixes": [
      0,
      { "additional-identifiers": [], "excluded-identifiers": [] }
    ],
    "placeholder-in-extend": 1,
    "placeholder-name-format": [1, { "convention": "hyphenatedbem" }],
    "property-sort-order": [
      0,
      { "ignore-custom-properties": false, "order": "smacss" }
    ],
    "quotes": [0, { "style": "double" }],
    "shorthand-values": [0, { "allowed-shorthands": [1, 2, 3, 4] }],
    "single-line-per-selector": 1,
    "space-after-bang": [1, { "include": false }],
    "space-after-colon": [1, { "include": true }],
    "space-after-comma": 0,
    "space-before-bang": [1, { "include": true }],
    "space-before-brace": [1, { "include": true }],
    "space-before-colon": 1,
    "space-between-parens": [1, { "include": false }],
    "trailing-semicolon": 1,
    "url-quotes": 1,
    "variable-for-property": [0, { "properties": [] }],
    "variable-name-format": [
      1,
      {
        "allow-leading-underscore": true,
        "convention": "hyphenatedlowercase"
      }
    ],
    "zero-unit": 0
  }
}
